gender,count,paper_count,author_citation_count,paper_count_per_head,author_citation_count_per_capita
male,234009,407426,7789615,1.7410697879141581,33.28767269634926
female,115386,172324,2506607,1.4934567451857148,21.72366664933361
