gender,count,paper_count,author_citation_count,paper_count_per_head,author_citation_count_per_capita
male,224465,390777,6786245,1.7409262023032612,30.232976187824697
female,112162,167566,2247650,1.4939640876589206,20.03931812913473
