gender,count,paper_count,author_citation_count,paper_count_per_head,author_citation_count_per_capita
female,70852,119081,2119016,1.6807006153672535,29.90763845763017
male,167837,338284,6767548,2.015550802266493,40.32214589154942
